platform,category,content_types,official_api,api_can_upload,api_free,api_cost_detail,approval,limits,native_scheduling,api_scheduling,schedulers,siri_shortcuts,shortcuts_ease,verification,docs_url,user_login,post_on_users_behalf,login_scopes,review_to_open_to_other_users,token_lifetime,needs_server_secret,has_upload_api,automation_routes
DeviantArt,Art,"Art, literature, journals, status updates",Yes — DeviantArt API v1,Sta.sh submit + publish deviations,Free,—,App + OAuth2,Unverified,Unverified,Unverified,"Isekai Core (self-hosted, unofficial)",OAuth,Hard,Search snippets,https://www.deviantart.com/developers/,DeviantArt OAuth 2.0,Yes — Sta.sh submit + publish,stash publish (unverified),None known,1h + ~3-month refresh,Yes,True,official_api_own_account > user_sign_in_post_on_behalf > scheduler_or_automation_tool > siri_shortcut > manual
SoundCloud,Audio,"Tracks, playlists, albums",Yes — SoundCloud API,"Tracks (≤4 GB), metadata, playlists",Paid (developer needs Artist Pro),—,Self-serve app registration for Artist Pro subscribers; OAuth 2.1 + PKCE,"~1h tokens, single-use refresh","Yes (Artist Pro, private tracks)",Unverified,None known,OAuth with short-lived tokens,Hard,Official help via search,https://developers.soundcloud.com/docs/api,OAuth 2.1 + PKCE (secret also needed),Yes — track uploads,User access,"Self-serve, but the developer needs Artist Pro",1h; single-use refresh,Yes,True,official_api_own_account > user_sign_in_post_on_behalf > siri_shortcut > native_scheduler > manual
Hive,Blockchain social,"Long-form posts, comments, images, video (3Speak)",Yes — Hive JSON-RPC,Posts and comments signed with your posting key,Free,Uses Resource Credits (staked HP),Hive account + posting key,~5 min between root posts (unverified),Yes (PeakD),No,"PeakD, HiveVote",Needs key signing,Hard,Official docs via search,https://developers.hive.io/,Posting-key authority (e.g. via HiveSigner/Keychain),Yes — signed by the user's key,Posting authority,None,Until revoked,No,True,official_api_own_account > user_sign_in_post_on_behalf > scheduler_or_automation_tool > siri_shortcut > native_scheduler > manual
Blogger,Blog,"Posts, pages, images, embedded video",Yes — Blogger API v3,Posts and pages (publish/schedule),Free,—,Google OAuth (blogger scope),"~10,000 requests/day (unverified)",Yes,Yes — posts.publish with publishDate,Zapier/Make (unverified),Google OAuth,Hard,Official docs via search,https://developers.google.com/blogger/docs/3.0/reference/posts/publish,Google OAuth 2.0 (same consent can include YouTube + Business Profile),Yes — blogs the user writes for,blogger,Google OAuth verification,Same as YouTube,For long-lived access,True,official_api_own_account > user_sign_in_post_on_behalf > scheduler_or_automation_tool > siri_shortcut > native_scheduler > manual
Tumblr,Blog,"Text, photos, video, audio, links, quotes, chat posts",Yes — API v2,All post types (NPF),Free,—,OAuth,"250 posts/day; 1,000 queued",Yes (queue),Yes — state=queue + publish_on,Unverified,OAuth needed,Hard,Official docs via search,https://www.tumblr.com/docs/en/api/v2,Tumblr OAuth 2,Yes — the user's blogs,basic write offline_access,None documented,1h; refresh with offline_access,Yes,True,official_api_own_account > user_sign_in_post_on_behalf > scheduler_or_automation_tool > siri_shortcut > native_scheduler > manual
WordPress (.com and self-hosted),Blog,"Posts, pages, media, comments",Yes — WordPress REST API,"Posts, pages, media",Free,—,WordPress.com: OAuth app; self-hosted: application password,Unverified,Yes,Yes — status=future + date,"Publer, Jetpack Social, Zapier, n8n",Self-hosted: one call with an application password,Easy (self-hosted) / Hard (.com),Official docs via search,https://developer.wordpress.com/docs/api/,WordPress.com OAuth 2.0; self-hosted: application passwords,"Yes — posts, pages, media","global or per-site; posts, media",None,Implicit 2 weeks; server long-lived,Optional,True,official_api_own_account > user_sign_in_post_on_behalf > scheduler_or_automation_tool > siri_shortcut > native_scheduler > manual
Ghost,Blog/newsletter,"Posts, pages, newsletters, images, media",Yes — Admin API,"Posts, pages, images, media, newsletters",Free tier + paid,Free self-hosted; Ghost(Pro) above Starter for custom integrations,Admin API key (signs a 5-min JWT),Unverified,Yes,Yes — status=scheduled + published_at,Zapier,Needs JWT signing (helper needed),Hard,Official docs via search,https://docs.ghost.org/admin-api,No user OAuth — Admin API key per site,Limited — with the site owner's key,—,None,Key until revoked,Yes (JWT signing),True,official_api_own_account > user_sign_in_post_on_behalf > scheduler_or_automation_tool > siri_shortcut > native_scheduler > manual
Discord,Community,"Messages, images, video, files, polls, threads, events",Yes — Webhooks + bot API,"Text, embeds, files, polls",Free,—,Webhook URL (no review),~5 requests/2s per webhook,Events only,No,"n8n, Postiz, Zapier, IFTTT",One call to the webhook URL,Easy,Official docs via search,https://docs.discord.com/developers/resources/webhook,Discord OAuth2 with webhook.incoming,Yes — the user picks a channel and you get its webhook,webhook.incoming,None,Webhook URL doesn't expire,Yes (client secret),True,official_api_own_account > user_sign_in_post_on_behalf > scheduler_or_automation_tool > siri_shortcut > manual
Reddit,Community,"Text, links, images, video, polls",Yes — Data API (approval required),"Text, link, image posts; comments",Free tier + paid,Free 100 queries/min; commercial use needs a paid agreement,"Explicit approval (Responsible Builder Policy, Nov 2025)",100 QPM,Moderators only,No,"Ayrshare, n8n",OAuth needed — use a scheduler,Hard,Official help pages via search,https://support.reddithelp.com/hc/en-us/articles/16160319875092-Reddit-Data-API-Wiki,Reddit OAuth2,Yes — the user's account,"submit, identity",Manual approval (Responsible Builder Policy),1h; refresh with duration=permanent,Optional (installed-app type),True,official_api_own_account > user_sign_in_post_on_behalf > scheduler_or_automation_tool > siri_shortcut > manual
Lemmy,Community (federated),"Link, text, image posts; comments",Yes — Lemmy HTTP API (per server),"Posts, comments, images",Free,—,Log in with username/password → JWT,6 posts/10 min default,Unverified,Unverified,"Lemmy Schedule, Poster.ly, Postiz",Login POST then Bearer call,Easy,Official docs via search,https://join-lemmy.org/api/main,Username/password login → JWT,Limited — app must handle the user's password,Full account,None,JWT session,No,True,official_api_own_account > user_sign_in_post_on_behalf > scheduler_or_automation_tool > siri_shortcut > manual
Binance Square,Crypto social,"Posts, images, articles, video, live",Yes — Square OpenAPI,"Text, up to 4 images, articles, video",Free (unverified),—,Key from Creator Center,Unverified,Unverified,Unverified,—,One API call with the key header,Medium,Official repo via search,https://github.com/binance/binance-skills-hub,No third-party login — user pastes a personal key,Limited — with the user's own key,—,None,Until the user regenerates the key,Yes (keep the key secret),True,official_api_own_account > user_sign_in_post_on_behalf > siri_shortcut > manual
Farcaster,Decentralized social,"Text casts, images, links, channels, mini apps",Yes — via Neynar API,"Text, embeds, replies, channels",Free tier + paid,Free 200K compute units; $9–$249/mo plans,Neynar key + signer approved once,Plan-based,No,No,Postiz,One API call with key + signer,Medium,Mixed official/3rd-party,https://docs.neynar.com/docs/integrate-managed-signers,Sign In With Farcaster + signer approval (or Neynar managed signer),Yes — via a signer the user approves,Signer (all message types),None (needs your app's own Farcaster ID),Until the user revokes the signer,Yes (signer/API key),True,official_api_own_account > user_sign_in_post_on_behalf > scheduler_or_automation_tool > siri_shortcut > manual
Lens,Decentralized social,"Posts, images, video metadata",Yes — Lens API/SDK,Posts with media metadata,Unverified,—,Wallet signature,Unverified,Unverified,Unverified,None confirmed,Not practical,Hard,Mostly unverified,https://lens.xyz/docs/protocol/best-practices/transaction-lifecycle,Wallet sign-in (SIWE),Yes — as account owner/manager,Account Manager,Register your app address,"10-min access, 7-day refresh",No,True,official_api_own_account > user_sign_in_post_on_behalf > siri_shortcut > manual
Nostr,Decentralized social,"Text notes, images/video by URL, long-form",Protocol (no company API),Anything as signed events to relays,Free,Some relays charge,Your private key,Per relay,No,No,Postiz,Not directly (needs signing),Hard,Protocol docs via search,https://d-central.tech/nostr-nips-reference/,NIP-07 extension or NIP-46 remote signer,Yes — the user's signer signs each post,Per-connection permissions,None,Until revoked,No,True,official_api_own_account > user_sign_in_post_on_behalf > scheduler_or_automation_tool > siri_shortcut > manual
Dribbble,Design,"Shots (images, GIF, video), projects",Yes — API v2,Shots (upload scope),Free,—,OAuth2; upload may need Pro (unverified),Unverified,Unverified,No,TimeToPost (3rd-party claim),OAuth (feasible with a pasted long-lived token),Hard,Search snippets,https://developer.dribbble.com/v2/,—,Unverified,—,—,—,—,True,official_api_own_account > scheduler_or_automation_tool > siri_shortcut > manual
Imgur,Image,"Images, GIFs, short video, albums, gallery posts",Yes — Imgur API v3,"Images, video, albums, gallery posts",Free (non-commercial),Non-commercial free; commercial terms unverified,New app registration closed (Aug 2026); existing apps keep working,"~12,500 requests/day per app",No,No,None known,Anonymous upload with Client-ID is one call; account posting needs OAuth,Easy (existing apps only),Docs via search,https://apidocs.imgur.com/,Imgur OAuth 2.0,No for new apps — registration closed Aug 2026,—,Closed to new apps,~1 month + refresh,—,True,official_api_own_account > siri_shortcut > manual
Nextdoor,Local,"Posts, photos, video, events, For Sale & Free",Yes — Publish API (access by request),"Neighbor/business/agency posts, events, listings",Free (unverified),—,Request Publish API access,Unverified,Unverified,Unverified,None verified,Bearer token once access is granted,Easy,Official docs via search,https://developer.nextdoor.com/docs/sharing-overview,Nextdoor OAuth (Publish API),Yes — once access is granted,Publish,Publish API access request,Unverified,Yes,True,official_api_own_account > user_sign_in_post_on_behalf > siri_shortcut > manual
Google Business Profile,Local business,"Posts (updates, offers, events), photos, video, review replies",Yes — Business Profile API (v4 localPosts),"Posts, media, review replies",Free,—,"Apply for API access (allowlist form, ~14 days) + Google OAuth (business.manage)",Quota is 0 until approved,"Yes (built-in scheduler, 2026)",Partial — recurring posts only,"Buffer, Publer, Hootsuite, SocialPilot",OAuth + allowlist,Hard,Official docs via search,https://developers.google.com/my-business/reference/rest/v4/accounts.locations.localPosts/create,Google OAuth 2.0,Yes — the user's business locations,business.manage,API access application (~14 days) + OAuth verification,Same as YouTube,For long-lived access,True,official_api_own_account > user_sign_in_post_on_behalf > scheduler_or_automation_tool > siri_shortcut > native_scheduler > manual
KakaoTalk,Messaging,"Channel posts, messages; Kakao Story (API ended 2023)",Partial — Kakao Channel API,No API for Channel posts; business messages via paid dealers,Free tier + paid,Dealer messages paid per message,Biz app + Korean business registration,Unverified,Yes,No,None for posts,None for posts,—,Search snippets,https://developers.kakao.com/docs/latest/en/kakaotalk-channel/common,Kakao Login,Limited — 'send to me' chat; Kakao Story API ended,talk_message,Review for friend messaging,6h + ~2-month refresh,Yes,True,official_api_own_account > user_sign_in_post_on_behalf > native_scheduler > manual
LINE,Messaging,Official Account messages/broadcasts (LINE VOOM shut down Sept 2026),Partial — Messaging API,"Push/broadcast messages (text, image, video, audio, flex)",Free tier + paid,"Japan: free 200 msgs/month; ¥5,000 for 5,000; ¥15,000+ with overage",Official Account + Messaging API channel,Monthly plan cap,Yes (scheduled broadcasts),No,respond.io and CRM tools,"Long-lived channel token, one broadcast call",Easy,Official docs via search,https://developers.line.biz/en/reference/messaging-api/,"LINE Login (OAuth + OIDC, PKCE)",No — no API for user timeline posts; share picker only,profile openid,—,30 days,—,True,official_api_own_account > scheduler_or_automation_tool > siri_shortcut > native_scheduler > manual
Messenger,Messaging,"Messages, photos, video",Partial — Send API,Replies within 24h only; broadcasts mostly deprecated (Feb 2026),Free,—,Page + App Review,—,No,No,Inbox tools only,None,—,Official docs via search,https://developers.facebook.com/docs/messenger-platform/send-messages,—,Unverified,—,—,—,—,True,official_api_own_account > scheduler_or_automation_tool > manual
Telegram,Messaging,"Messages, photos, video, files, polls, stories, channels",Yes — Bot API,"Text, photos, video, albums, files, polls to channels/groups",Free,—,Bot token from @BotFather; bot is channel admin,~1 msg/s per chat; 20/min in groups,Yes (in apps),No,"Ayrshare, n8n, Postiz, IFTTT",One API call with the bot token,Easy,Official docs via search,https://core.telegram.org/bots/api,Log In With Telegram (OIDC + PKCE) for identity,Limited — the user adds your bot as channel admin; posts appear as the channel,Channel admin right: post messages,None,Until the bot is removed,Yes (bot token),True,official_api_own_account > user_sign_in_post_on_behalf > scheduler_or_automation_tool > siri_shortcut > native_scheduler > manual
Viber,Messaging,"Channel posts (text, photos, video, files, polls), bot messages",Yes — Channels Post API / Bot API,Channel posts by URL media,Free (channels; unverified),Bot chats may be paid,Channel super admin token + webhook with SSL,Unverified,Unverified,No,"SMMplanner, postmypost","Static auth-token header, one call",Easy,Official docs via search,https://developers.viber.com/docs/tools/channels-post-api/,—,Unverified,—,—,—,—,True,official_api_own_account > scheduler_or_automation_tool > siri_shortcut > manual
WhatsApp,Messaging,"Messages, photos, video, status, Channels",Partial — Cloud API (no Channels API),1:1 template/session messages only; Channel posts are manual,Paid,Per delivered template (~$0.025 US marketing),Meta Business + WhatsApp Business account,Messaging tiers,Unverified,No,Hootsuite (inbox),"Open URL wa.me/?text=… (prefill, tap send)",Easy (manual send),Official pages via search,https://developers.facebook.com/docs/whatsapp/pricing,Embedded Signup (Facebook Login for Business),"Limited — messages as the business, not posts","whatsapp_business_management, whatsapp_business_messaging",Tech Provider + Business Verification + App Review,System-user token (long-lived),Yes,True,official_api_own_account > user_sign_in_post_on_behalf > scheduler_or_automation_tool > siri_shortcut > manual
WeChat,Messaging/publishing,"Official Account articles, images, video, audio; Channels short video, live",Partial — Official Account API (no Channels API),"Official Accounts: media, drafts, publish (verified Chinese entity required to publish)",Free,Account verification ~¥300/yr (unverified),Verified corporate/sole-proprietor account; IP whitelist,1 mass send/day (subscription accounts),Yes (scheduled mass send),No,None official,appid+secret token + IP whitelist,Hard,Search snippets,https://developers.weixin.qq.com/doc/offiaccount/en/Getting_Started/Overview.html,—,Unverified,—,—,—,—,True,official_api_own_account > siri_shortcut > native_scheduler > manual
Bluesky,Microblog,"Text, photos, video, links, threads",Yes — AT Protocol,"Text, images, video, link cards, threads",Free,—,App password or OAuth; no review,"5,000 points/h (~1,666 posts)",No,No,"Buffer, Hootsuite, Typefully, Ayrshare, Postiz",Two API calls with an app password,Easy,Official docs via search,https://docs.bsky.app/docs/get-started,atproto OAuth (PAR + PKCE + DPoP),Yes — the user's account,atproto transition:generic (or granular repo:app.bsky.feed.post),None,Browser sessions 2 weeks; longer with a backend,No,True,official_api_own_account > user_sign_in_post_on_behalf > scheduler_or_automation_tool > siri_shortcut > manual
Gab,Microblog,"Text, images, video, groups",Partial — Mastodon-style API (no maintained docs),Statuses and media (unverified),Free,—,Developer app in settings,Unverified,Unverified,Possibly scheduled_at (unverified),None verified,"Bearer token, one call (if it still works)",Easy,Search snippets,https://gab.com,—,Unverified,—,—,—,—,True,official_api_own_account > siri_shortcut > manual
Mastodon / Fediverse,Microblog,"Text, photos, video, audio, polls",Yes — Mastodon API,"Text, media, polls, threads",Free,—,Token from your server's settings; no review,300 requests / 5 min,Via apps,Yes — scheduled_at,"Buffer, Typefully, Postiz, Mixpost",One API call with a token (can schedule),Easy,Official docs via search,https://docs.joinmastodon.org/methods/statuses/,Mastodon OAuth (register app per server; PKCE from 4.3),Yes — the user's account,write:statuses write:media,None,Tokens don't expire until revoked,No,True,official_api_own_account > user_sign_in_post_on_behalf > scheduler_or_automation_tool > siri_shortcut > manual
Threads,Microblog,"Text, photos, video, carousels, polls, GIFs, links",Yes — Threads API,"Text, images, video, carousels (≤20), polls, links, quotes",Free,—,OAuth threads_content_publish,250 API posts / 24h,Reported in-app (unverified),No,"Buffer, Sprout, Ayrshare, IFTTT, Publer",Open URL threads.com/intent/post?text=… (one tap),Easy,Official docs via search,https://developers.facebook.com/docs/threads/posts,Threads OAuth,Yes — the user's own profile,"threads_basic, threads_content_publish",Own + tester accounts without review; App Review for everyone,"60-day token, refresh after 24h",Yes,True,official_api_own_account > user_sign_in_post_on_behalf > scheduler_or_automation_tool > siri_shortcut > manual
Weibo,Microblog,"Text, images, video, live, articles",Partial — Weibo Open Platform,"Only statuses/share: ≤140 chars + image, must contain your bound domain URL",Free,—,Real-name developer verification + app review (likely China identity),Unverified,Yes (scheduled posts),No,None verified,OAuth + domain binding,Hard,Search snippets,https://open.weibo.com/wiki/,Weibo OAuth 2.0,Limited — statuses/share with your domain link only,Default,Real-name developer verification + app review,No refresh for web apps,Yes,True,official_api_own_account > user_sign_in_post_on_behalf > siri_shortcut > native_scheduler > manual
X (Twitter),Microblog,"Text, photos, video, GIFs, polls, threads, live (Spaces)",Yes — X API v2,"Text, images, video, polls, threads, links",Paid,"Pay-per-use: ~$0.015 per post, ~$0.20 per post with a link; no free tier since Feb 2026",Developer account; OAuth 2.0 or 1.0a,2M post reads/month cap,Yes (web; reportedly Premium) / X Pro (Premium+),No,"Buffer, Hootsuite, Typefully, Publer, Ayrshare, Postiz, Zapier, IFTTT","IFTTT applet, or API with an OAuth token that expires every ~2h",Hard,3rd-party summaries of official docs,https://docs.x.com/x-api/getting-started/pricing,"OAuth 2.0 + PKCE (public client, no secret possible)",Yes — the user's own account,tweet.write tweet.read users.read media.write offline.access,No app review; developer account + Project,2h access; refresh with offline.access,No (but API calls may need a proxy),True,official_api_own_account > user_sign_in_post_on_behalf > scheduler_or_automation_tool > siri_shortcut > native_scheduler > manual
Flickr,Photo,"Photos, video, albums",Yes — Flickr API,"Photos, video, metadata, albums",Free tier + paid,API key requests need a Flickr Pro subscription; commercial keys reviewed,OAuth 1.0a,"3,600 queries/hour (unverified)",No,No,None known,OAuth 1.0a signing,Hard,Official help via search,https://www.flickr.com/services/api/,OAuth 1.0a,Yes — photos and video,perms=write,Key request needs Flickr Pro; commercial keys reviewed,Until revoked,Yes (request signing),True,official_api_own_account > user_sign_in_post_on_behalf > siri_shortcut > manual
Pixelfed,Photo (federated),"Photos, video, carousels, stories",Yes — Mastodon-compatible API,Media + posts,Free,—,Personal access token from your server,Per server,Unverified,Unverified,None confirmed,Bearer token + multipart upload,Easy,Search snippets,https://docs.pixelfed.org/,Mastodon-compatible OAuth per server,Yes,read write,None,Long-lived,No,True,official_api_own_account > user_sign_in_post_on_behalf > siri_shortcut > manual
Apple Podcasts,Podcast,Podcast episodes (audio/video) via RSS,Partial — RSS feed / Delegated Delivery (hosts only),Episodes via your RSS feed; Delegated Delivery for participating hosts,Free,—,Podcasts Connect account,Feed requirements,Yes (pubDate / host),Via your host,Any podcast host,Edit a self-hosted RSS feed,—,Official docs via search,https://podcasters.apple.com/support/823-podcast-requirements,—,Unverified,—,—,—,—,True,official_api_own_account > scheduler_or_automation_tool > siri_shortcut > native_scheduler > manual
LinkedIn,Professional,"Text, photos, video, documents, articles, polls, newsletters",Yes — Posts API / Share on LinkedIn,"Text, images, video, articles, carousels, polls",Free,—,Personal: self-serve; company pages: access request,150 req/member/day,Yes (up to 3 months),Unverified,"Buffer, Hootsuite, Ayrshare, n8n",OAuth needed — use a scheduler,Hard,Official docs via search,https://learn.microsoft.com/en-us/linkedin/consumer/integrations/self-serve/share-on-linkedin,Sign In with LinkedIn (OIDC) + Share on LinkedIn,Yes — personal profile; company pages need Community Management API,w_member_social (w_organization_social for pages),None for personal; pages need an approved application,"60 days, no refresh (re-login every 60 days)",Yes (client secret),True,official_api_own_account > user_sign_in_post_on_behalf > scheduler_or_automation_tool > siri_shortcut > native_scheduler > manual
Facebook Pages,Social network,"Text, photos, video, Reels, Stories, links, live, events",Yes — Graph API (Pages API),"Text, links, photos, video",Free,—,Meta developer app; App Review for pages_manage_posts,"4,800 calls × engaged users / 24h",Yes (Meta Business Suite),Yes — scheduled_publish_time (10 min–30 days),"Buffer, Hootsuite, Ayrshare, n8n, IFTTT",API call with a stored Page token,Medium,Official docs via search,https://developers.facebook.com/docs/pages-api/posts,Facebook Login (PKCE supported),Yes — Pages the user manages (not personal profiles),"pages_manage_posts, pages_read_engagement, pages_show_list",App Review (Advanced Access) + usually Business Verification; before that only app roles/testers,Page token from a long-lived user token doesn't expire,Recommended,True,official_api_own_account > user_sign_in_post_on_behalf > scheduler_or_automation_tool > siri_shortcut > native_scheduler > manual
Instagram,Social network,"Photos, video, Reels, Stories, carousels, live",Yes — Instagram Content Publishing API,"Images, video, Reels, Stories, carousels (≤10)",Free,—,Business/Creator account; App Review,50 API posts / 24h; media must be at a public URL,Yes (Meta Business Suite),No (schedulers hold the post),"Buffer, Later, Hootsuite, Ayrshare",API call with a token (media hosted at a URL),Medium,Official docs via search,https://developers.facebook.com/docs/instagram-platform/content-publishing,Instagram Login or Facebook Login,Yes — Business/Creator accounts only,"instagram_business_basic, instagram_business_content_publish",App Review + likely Business Verification; testers only before,"60-day long-lived token, refreshable",Yes,True,official_api_own_account > user_sign_in_post_on_behalf > scheduler_or_automation_tool > siri_shortcut > native_scheduler > manual
MeWe,Social network,"Text, photos, video, groups, stories",Partial — Developer Program (limited beta),Timeline and group posts with photos,Free (unverified),—,Apply to developer program,Unverified,Unverified,Unverified,Postiz,OAuth (beta access),Hard,Search snippets,https://docs.postiz.com/providers/mewe,MeWe OAuth (beta),Yes — timeline and groups,Unverified,Developer program approval,Unverified,Yes,True,official_api_own_account > user_sign_in_post_on_behalf > scheduler_or_automation_tool > siri_shortcut > manual
Minds,Social network,"Text, images, video, blogs, groups",Partial — unofficial/undocumented,Posts via unofficial clients,Free,—,Login session,Unverified,Yes,Unofficial,None verified,Session login,Hard,Search snippets,https://gitlab.com/minds,—,Unverified,—,—,—,—,True,official_api_own_account > siri_shortcut > native_scheduler > manual
OK.ru,Social network,"Text, photos, video, Moments, live, polls",Yes — OK REST API,"Media topics with text, photos, links, polls",Free,—,App + permissions requested from OK support,Unverified,Yes,Yes — publishAt,SMMplanner,MD5 signature + token,Hard,Official docs via search,https://apiok.ru/en/dev/sdk/js/ui.postMediatopic/,—,Unverified,—,—,—,—,True,official_api_own_account > scheduler_or_automation_tool > siri_shortcut > native_scheduler > manual
VK,Social network,"Text, photos, video, clips, stories, live, audio, articles, polls",Yes — VK API,"Wall posts, photos, video, docs","Free (reported 10k calls/month until business verification, unverified)",—,VK ID app or community token,3 requests/s per user token,Yes (deferred posts),Yes — publish_date,"SMMplanner, Postiz, Make",Community token in one call,Easy,Official docs via search,https://dev.vk.ru/en/method/wall.post,VK ID (OAuth 2.1 + PKCE),"Yes — wall posts, photos, video",wall photos video,VK ID business app with passport details and approval,~1h + refresh,Yes,True,official_api_own_account > user_sign_in_post_on_behalf > scheduler_or_automation_tool > siri_shortcut > native_scheduler > manual
Bilibili,Video,"Video, image/text posts, articles, live",Partial — Bilibili Open Platform,Video submission,Free (unverified),—,Approved Open Platform developer (likely business) + user OAuth,Unverified,Yes (timed publish),Unverified,None (unofficial biliup CLI),OAuth + approval,Hard,Search snippets,https://openhome.bilibili.com/doc,—,Unverified,—,—,—,—,True,official_api_own_account > scheduler_or_automation_tool > siri_shortcut > native_scheduler > manual
Dailymotion,Video,"Video, live (partners), playlists",Yes — Data API / Partner API,"Video (upload URL → upload → publish), live events",Free,—,API key + OAuth user token,Daily upload quotas (figures unverified),Unverified,Partial — publish_date field,None confirmed,Several API steps,Medium,Official docs via search,https://developers.dailymotion.com/guides/upload/,Dailymotion OAuth 2.0 (public API key),Yes — the user's channel,manage_videos,None documented,10h access + refresh,Yes,True,official_api_own_account > user_sign_in_post_on_behalf > siri_shortcut > manual
Douyin,Video,"Short video, image posts, live",Partial — Douyin Open Platform,"Video publish (video.create), may be limited to approved apps",Free,—,"Open Platform app (Chinese entity, unverified) + scope approval",Unverified,Yes,Unverified,None official,OAuth,Hard,Search snippets,https://developer.open-douyin.com/,—,Unverified,—,—,—,—,True,official_api_own_account > siri_shortcut > native_scheduler > manual
Kuaishou / Kwai,Video,"Short video, live",Partial — Kuaishou Open Platform (China),Video create/publish (China; international unverified),Free (unverified),—,Developer app + OAuth + review,Unverified,Unverified,Unverified,None,OAuth,Hard,Search snippets,https://open.kuaishou.com,—,Unverified,—,—,—,—,True,official_api_own_account > siri_shortcut > manual
Odysee,Video,"Video, audio, images, files, articles, live",Partial — LBRY SDK (lbrynet JSON-RPC),Any file via a self-run daemon + wallet,Free,Small LBC blockchain fees,None (livestream needs 50 LBC),Web upload ≤4 GB,Unverified,Unverified,None,Not practical (needs a local daemon),—,Search snippets,https://lbry.tech/api/sdk,—,Unverified,—,—,—,—,True,official_api_own_account > siri_shortcut > manual
Snapchat,Video,"Snaps, Stories, Spotlight",Partial — Public Profile API (allowlist),"Stories, Spotlight video (allowlisted apps only)",Unverified,—,Allowlist via a Snap contact,Unverified,Unverified,No,"Later, Ayrshare, Metricool",Share sheet only,—,Official docs via search,https://developers.snap.com/marketing-api/Public-Profile-API/Introduction,Snap Login Kit / Public Profile API,Limited — allowlisted apps; otherwise Creative Kit (user taps share),snapchat-profile-api,Allowlist via Snap partner contact,1h access + refresh,Yes,True,official_api_own_account > user_sign_in_post_on_behalf > scheduler_or_automation_tool > siri_shortcut > manual
TikTok,Video,"Short video, photo posts, Stories, live",Yes — Content Posting API,"Videos, photo posts (direct or to drafts)",Free,—,"OAuth + audit (unaudited apps post privately, 5 users/day)",~15 direct posts/day per account,"Yes (TikTok Studio web, 10 days)",Unverified,"Buffer, Hootsuite, Later, Publer, Metricool, Ayrshare",Share sheet or webhook,Hard,Official docs via search,https://developers.tiktok.com/doc/content-posting-api-get-started,TikTok Login Kit,Yes — direct post or to the user's drafts,video.publish and/or video.upload,"App review + Content Posting audit (before: private posts only, 5 users/day)",24h access; 365-day refresh,Yes (client secret),True,official_api_own_account > user_sign_in_post_on_behalf > scheduler_or_automation_tool > siri_shortcut > native_scheduler > manual
Vimeo,Video,"Video, live (paid), showcases",Yes — Vimeo API,"Video (resumable, form, or pull from URL), thumbnails, captions, metadata",Free,Free API; paid plans get higher limits,"upload scope; automatic on paid plans, manual review (≤5 days) on free accounts","250 req/15 min (free), 1,000 (paid)",Only on Vimeo OTT (unverified for core),Unverified,"Zapier (Upload Video), Make/n8n (unverified)",One API call with a personal token (pull upload from a link),Easy,Official help via search,https://developer.vimeo.com/api/upload/videos,Vimeo OAuth 2.0,Yes — the user's videos,upload (+ public private edit),Upload access review if your developer account is on the free plan,Historically non-expiring,Yes,True,official_api_own_account > user_sign_in_post_on_behalf > scheduler_or_automation_tool > siri_shortcut > manual
YouTube,Video,"Long video, Shorts, live, Community posts",Yes — YouTube Data API v3,"Videos and Shorts (by format), live broadcasts; not Community posts",Free,—,OAuth; uploads stay private until the app passes an audit,"10,000 units/day; ~100 uploads/day bucket",Yes (YouTube Studio),Yes — status.publishAt,"Buffer, Hootsuite, Later, Publer, Metricool, Ayrshare, n8n, Zapier",No upload action; share sheet or webhook,Hard,Official docs via search,https://developers.google.com/youtube/v3/docs/videos/insert,Google OAuth 2.0,Yes — the user's channel,youtube.upload,Google OAuth verification (100-user cap before; Testing mode refresh tokens last 7 days) + YouTube audit or uploads stay private,1h access; refresh token,For long-lived access,True,official_api_own_account > user_sign_in_post_on_behalf > scheduler_or_automation_tool > siri_shortcut > native_scheduler > manual
PeerTube,Video (federated),"Video, live, playlists",Yes — PeerTube REST API (per server),"Video (incl. resumable), live, import by URL, playlists",Free,Open source,Account on a server; OAuth password grant,Per-server quota,Yes (private → scheduled public),Yes — scheduleUpdate,"Fedica, n8n (HTTP)","Two POSTs for a token, then multipart upload",Medium,Official docs via search,https://docs.joinpeertube.org/api-rest-reference.html,Password grant only,Limited — app must handle the user's password,Full account,None,Access + refresh,No,True,official_api_own_account > user_sign_in_post_on_behalf > scheduler_or_automation_tool > siri_shortcut > native_scheduler > manual
Pinterest,Visual,"Image Pins, video Pins, idea Pins, boards",Yes — API v5,Image and video Pins,Free,—,OAuth; Trial then Standard access,Trial 300 writes/day,"Yes (30 days, max 10) + RSS auto-publish",Unverified,"Ayrshare, Later, Buffer, Hootsuite",OAuth needed — use a scheduler,Hard,Official docs via search,https://developers.pinterest.com/docs/api/v5/pins-create/,Pinterest OAuth 2.0,Yes — the user's boards,"pins:write, boards:read",Standard access review (Trial pins are sandbox-only),30-day access; 60-day rolling refresh,Yes,True,official_api_own_account > user_sign_in_post_on_behalf > scheduler_or_automation_tool > siri_shortcut > native_scheduler > manual
Clubhouse,Audio,"Voice chats, voicemails, audio rooms",No,Nothing,—,—,—,—,Historically (unverified now),—,None,None,—,Search snippets,https://www.clubhouse.com,—,No (no posting API),—,—,—,—,False,manual
Medium,Blog,"Articles, images, embeds",No — API closed to new integrations (2023),Nothing for new users,—,—,—,—,Unverified,—,—,None,—,Official GitHub,https://github.com/Medium/medium-api-docs,—,No (no posting API),—,—,—,—,False,manual
Naver Blog,Blog,"Blog posts, clips",No (write API shut down),Nothing,—,—,—,—,Yes,No,None,None,—,Search snippets,https://developers.naver.com/,—,No (no posting API),—,—,—,—,False,native_scheduler > manual
Patreon,Creator,"Posts (text, image, video, audio, polls), shop",Partial — API v2 (mostly read-only),Posting not supported,Free,—,OAuth client; developer support paused since 2020,Unverified,Yes,No,None,None for posting,—,Official support via search,https://docs.patreon.com/,Patreon OAuth 2.0,No — no post-creation endpoint,—,—,—,—,False,native_scheduler > manual
Lemon8,Lifestyle,"Photo carousels, ≤60s video, text+image posts",No,Nothing,—,—,—,≤3 photos/videos per post,None found,—,None confirmed,None,—,3rd-party,https://www.lemon8-app.com,—,No (no posting API),—,—,—,—,False,manual
Xiaohongshu (RedNote),Lifestyle,"Image notes, video notes, live",No public publishing API,Nothing,—,—,Enterprise certification for partner APIs,—,Yes,No,None legitimate,None,—,Search snippets,https://open.xiaohongshu.com/,—,No (no posting API),—,—,—,—,False,native_scheduler > manual
Kick,Live video,"Live streams, clips, chat",Partial — Kick API,"No uploads; title/category, chat",Free,—,OAuth 2.1,Unverified,Unverified,Unverified,—,None,—,Docs via search,https://docs.kick.com,—,No (no posting API),—,—,—,—,False,manual
Twitch,Live video,"Live streams, clips, VODs, chat",Partial — Helix API,"No uploads; titles, schedule, chat, polls, clips",Free,—,OAuth,Points-per-minute,Yes (stream schedule),Yes (schedule segments),—,None,—,Official docs via search,https://dev.twitch.tv/docs/api/reference,Twitch OAuth (public client possible),No uploads — clips and channel info only,"clips:edit, channel:manage:broadcast",None,"~4h, refreshable",No,False,native_scheduler > manual
Signal,Messaging,"Messages, media, stories",No (signal-cli is unofficial),Nothing official,—,—,—,—,Unverified,—,—,Manual send only,—,GitHub,https://github.com/AsamK/signal-cli,—,No (no posting API),—,—,—,—,False,siri_shortcut > manual
Gettr,Microblog,"Text, images, video, live",No,Nothing,—,—,—,—,Unverified,No,None,None,—,Search snippets,https://gettr.com,—,No (no posting API),—,—,—,—,False,manual
Truth Social,Microblog,"Text, images, video",No public API (unofficial Mastodon-style),Unofficial only,—,—,—,—,Yes (paid feature),Unofficial,FS Poster (claimed),Unofficial,Hard,Search snippets,https://www.globenewswire.com/news-release/2025/09/09/3146910/0/en/Truth-Social-Enhances-Platform.html,—,No (no posting API),—,—,—,—,False,scheduler_or_automation_tool > siri_shortcut > native_scheduler > manual
Substack,Newsletter,"Posts, newsletters, podcasts, video, Notes",No public API,Nothing,—,—,—,—,Yes (posts up to 3 months; Notes),—,—,None,—,Help center via search,https://support.substack.com/hc/en-us/articles/360037870412-How-do-I-schedule-a-post-for-a-future-date,—,No (no posting API),—,—,—,—,False,native_scheduler > manual
BeReal,Photo,"Dual-camera daily photo, captions",No,Nothing,—,—,—,One daily post by design,No,—,None,None,—,Search snippets,https://bereal.com,—,No (no posting API),—,—,—,—,False,manual
Spotify for Creators,Podcast,"Audio/video podcast episodes, polls, Q&A",No public upload API,Nothing (RSS from your host; video distribution for partner hosts only),—,—,Partner hosts only,—,Yes (publish date),No,Via your podcast host,None,—,Official support via search,https://support.spotify.com/us/creators/article/publishing-audio-episodes/,—,No (no posting API),—,—,—,—,False,scheduler_or_automation_tool > native_scheduler > manual
Behance,Portfolio,"Projects (images, video), moodboards, livestreams",No (API unavailable; no new keys),Nothing,—,—,—,—,Unverified,—,None,None,—,Adobe community via search,https://www.behance.net/dev,—,No (no posting API),—,—,—,—,False,manual
Quora,Q&A,"Questions, answers, posts in Spaces",No public API,Nothing,—,—,—,—,No,—,—,None,—,3rd-party,https://help.quora.com/hc/en-us/articles/360000470706-Platform-Policies,—,No (no posting API),—,—,—,—,False,manual
Likee,Video,"Short video, live",No,Nothing,—,—,—,—,Unverified,—,None,None,—,Search snippets,https://likee.video,—,No (no posting API),—,—,—,—,False,manual
Rumble,Video,"Video, live",No (read-only live API),Nothing — uploads are manual,—,—,—,—,Unverified,No,—,None,—,Search snippets,https://rumblefaq.groovehq.com/help/how-to-use-rumble-s-live-stream-api,—,No (no posting API),—,—,—,—,False,manual
Triller,Video,Short music video (app appears defunct since Dec 2025),No,Nothing,—,—,—,—,—,—,None,None,—,Search snippets,https://en.wikipedia.org/wiki/Triller_(app),—,No (no posting API),—,—,—,—,False,manual
